{
  "created_at": "2026-04-30T18:04:14",
  "experiment": "E132_E134_suspicious_confidence_probe",
  "models": {
    "gemma4_26b_a4b_it": {
      "path": "/home/Awei/P02_multilingual_process_lens/results/E132_E133_suspicious_confidence_probe/gemma4_26b_a4b_it_e132_e133_all_chat.json",
      "source_rows": 60,
      "prefix_rows": 211,
      "best_component_key": "17:residual_hidden_state",
      "hidden_auc_valid_vs_invalid_completion": 0.9600694444444444,
      "strict_confidence_auc_valid_vs_invalid_completion": 0.6684027777777778,
      "plain_accept_auc_valid_vs_invalid_completion": 0.9184027777777778,
      "matched_analysis_completion": {
        "hidden_pair_accuracy_valid_gt_invalid": 1.0,
        "mean_match_distance": 1.6517156214882842,
        "n_pairs": 12
      },
      "completion_trigger_stats": {
        "valid_all": {
          "n": 48,
          "triggered": 6,
          "trigger_rate": 0.125,
          "trigger_wilson95": [
            0.05856971750400845,
            0.2470072708605482
          ],
          "mean_best_component_score": 7.936760108917952,
          "strict_accept_rate": 0.9166666666666666,
          "plain_accept_rate": 0.9166666666666666
        },
        "suspicious_valid": {
          "n": 36,
          "triggered": 5,
          "trigger_rate": 0.1388888888888889,
          "trigger_wilson95": [
            0.060817253631150966,
            0.2865985128039319
          ],
          "mean_best_component_score": 7.5184660570489035,
          "strict_accept_rate": 0.9166666666666666,
          "plain_accept_rate": 0.9166666666666666
        },
        "invalid": {
          "n": 12,
          "triggered": 12,
          "trigger_rate": 1.0,
          "trigger_wilson95": [
            0.7574992425007574,
            1.0
          ],
          "mean_best_component_score": -5.4569899042447405,
          "strict_accept_rate": 0.08333333333333333,
          "plain_accept_rate": 0.5
        },
        "by_variant": {
          "clean_valid": {
            "n": 12,
            "triggered": 1,
            "trigger_rate": 0.08333333333333333,
            "trigger_wilson95": [
              0.014864709450773478,
              0.35388592179859524
            ],
            "mean_best_component_score": 9.191642264525095,
            "strict_accept_rate": 0.9166666666666666,
            "plain_accept_rate": 0.9166666666666666
          },
          "low_conf_valid": {
            "n": 12,
            "triggered": 2,
            "trigger_rate": 0.16666666666666666,
            "trigger_wilson95": [
              0.04696414761482223,
              0.44803635738467273
            ],
            "mean_best_component_score": 7.763168329993884,
            "strict_accept_rate": 0.9166666666666666,
            "plain_accept_rate": 0.9166666666666666
          },
          "repaired_strict_invalid": {
            "n": 12,
            "triggered": 12,
            "trigger_rate": 1.0,
            "trigger_wilson95": [
              0.7574992425007574,
              1.0
            ],
            "mean_best_component_score": -5.4569899042447405,
            "strict_accept_rate": 0.08333333333333333,
            "plain_accept_rate": 0.5
          },
          "suspicious_valid_alternative": {
            "n": 12,
            "triggered": 1,
            "trigger_rate": 0.08333333333333333,
            "trigger_wilson95": [
              0.014864709450773478,
              0.35388592179859524
            ],
            "mean_best_component_score": 7.0658382674058275,
            "strict_accept_rate": 0.9166666666666666,
            "plain_accept_rate": 0.9166666666666666
          },
          "suspicious_valid_marker": {
            "n": 12,
            "triggered": 2,
            "trigger_rate": 0.16666666666666666,
            "trigger_wilson95": [
              0.04696414761482223,
              0.44803635738467273
            ],
            "mean_best_component_score": 7.726391573746999,
            "strict_accept_rate": 0.9166666666666666,
            "plain_accept_rate": 0.9166666666666666
          }
        }
      },
      "leakage_audit": {
        "error_spans_in_prompt_rows": 0,
        "gold_answer_in_prompt_rows": 0,
        "labels_in_prompt_rows": 0,
        "note_zh": "manual labels/error spans/gold answers are offline metadata only. Verifier prompts contain problem plus visible trace prefix."
      }
    },
    "gemma4_31b_it": {
      "path": "/home/Awei/P02_multilingual_process_lens/results/E132_E133_suspicious_confidence_probe/gemma4_31b_it_e132_e133_all_chat.json",
      "source_rows": 60,
      "prefix_rows": 211,
      "best_component_key": "34:residual_hidden_state",
      "hidden_auc_valid_vs_invalid_completion": 1.0,
      "strict_confidence_auc_valid_vs_invalid_completion": 0.9409722222222222,
      "plain_accept_auc_valid_vs_invalid_completion": 1.0,
      "matched_analysis_completion": {
        "hidden_pair_accuracy_valid_gt_invalid": 1.0,
        "mean_match_distance": 1.6548037710802819,
        "n_pairs": 12
      },
      "completion_trigger_stats": {
        "valid_all": {
          "n": 48,
          "triggered": 0,
          "trigger_rate": 0.0,
          "trigger_wilson95": [
            0.0,
            0.0741026511527422
          ],
          "mean_best_component_score": 5.823399328316252,
          "strict_accept_rate": 1.0,
          "plain_accept_rate": 1.0
        },
        "suspicious_valid": {
          "n": 36,
          "triggered": 0,
          "trigger_rate": 0.0,
          "trigger_wilson95": [
            0.0,
            0.09642183044857634
          ],
          "mean_best_component_score": 4.479311271674103,
          "strict_accept_rate": 1.0,
          "plain_accept_rate": 1.0
        },
        "invalid": {
          "n": 12,
          "triggered": 12,
          "trigger_rate": 1.0,
          "trigger_wilson95": [
            0.7574992425007574,
            1.0
          ],
          "mean_best_component_score": -7.223947882652283,
          "strict_accept_rate": 0.08333333333333333,
          "plain_accept_rate": 0.25
        },
        "by_variant": {
          "clean_valid": {
            "n": 12,
            "triggered": 0,
            "trigger_rate": 0.0,
            "trigger_wilson95": [
              0.0,
              0.2425007574992425
            ],
            "mean_best_component_score": 9.855663498242697,
            "strict_accept_rate": 1.0,
            "plain_accept_rate": 1.0
          },
          "low_conf_valid": {
            "n": 12,
            "triggered": 0,
            "trigger_rate": 0.0,
            "trigger_wilson95": [
              0.0,
              0.2425007574992425
            ],
            "mean_best_component_score": 3.267766905327638,
            "strict_accept_rate": 1.0,
            "plain_accept_rate": 1.0
          },
          "repaired_strict_invalid": {
            "n": 12,
            "triggered": 12,
            "trigger_rate": 1.0,
            "trigger_wilson95": [
              0.7574992425007574,
              1.0
            ],
            "mean_best_component_score": -7.223947882652283,
            "strict_accept_rate": 0.08333333333333333,
            "plain_accept_rate": 0.25
          },
          "suspicious_valid_alternative": {
            "n": 12,
            "triggered": 0,
            "trigger_rate": 0.0,
            "trigger_wilson95": [
              0.0,
              0.2425007574992425
            ],
            "mean_best_component_score": 5.325886746247609,
            "strict_accept_rate": 1.0,
            "plain_accept_rate": 1.0
          },
          "suspicious_valid_marker": {
            "n": 12,
            "triggered": 0,
            "trigger_rate": 0.0,
            "trigger_wilson95": [
              0.0,
              0.2425007574992425
            ],
            "mean_best_component_score": 4.8442801634470625,
            "strict_accept_rate": 1.0,